{
  "1": {
    "nodes": [
      1,
      2,
      3,
      4,
      6
    ],
    "edges": [
      [
        1,
        6
      ],
      [
        2,
        4
      ],
      [
        3,
        6
      ],
      [
        4,
        6
      ]
    ],
    "cost": 0.14656990068754777
  },
  "2": {
    "nodes": [
      1,
      2,
      3,
      5,
      6
    ],
    "edges": [
      [
        1,
        6
      ],
      [
        2,
        6
      ],
      [
        3,
        5
      ],
      [
        5,
        6
      ]
    ],
    "cost": 0.150354609929078
  },
  "3": {
    "nodes": [
      1,
      2,
      3,
      4,
      5
    ],
    "edges": [
      [
        1,
        5
      ],
      [
        2,
        4
      ],
      [
        3,
        4
      ],
      [
        4,
        5
      ]
    ],
    "cost": 0.13914311188221404
  },
  "4": {
    "nodes": [
      1,
      2,
      3,
      4
    ],
    "edges": [
      [
        1,
        4
      ],
      [
        2,
        4
      ],
      [
        3,
        4
      ]
    ],
    "cost": 0.15733333333333333
  },
  "5": {
    "nodes": [
      1,
      2,
      3,
      4,
      5
    ],
    "edges": [
      [
        1,
        5
      ],
      [
        2,
        5
      ],
      [
        3,
        4
      ],
      [
        4,
        5
      ]
    ],
    "cost": 0.13909123692751532
  },
  "6": {
    "nodes": [
      1,
      2,
      3,
      4,
      6
    ],
    "edges": [
      [
        1,
        6
      ],
      [
        2,
        4
      ],
      [
        3,
        4
      ],
      [
        4,
        6
      ]
    ],
    "cost": 0.13018843901196842
  },
  "7": {
    "nodes": [
      1,
      2,
      3,
      5,
      6
    ],
    "edges": [
      [
        1,
        6
      ],
      [
        2,
        5
      ],
      [
        3,
        5
      ],
      [
        5,
        6
      ]
    ],
    "cost": 0.14595238095238094
  },
  "8": {
    "nodes": [
      1,
      2,
      3,
      5
    ],
    "edges": [
      [
        1,
        5
      ],
      [
        2,
        5
      ],
      [
        3,
        5
      ]
    ],
    "cost": 0.1598214285714286
  },
  "9": {
    "nodes": [
      1,
      2,
      3,
      5
    ],
    "edges": [
      [
        1,
        5
      ],
      [
        2,
        5
      ],
      [
        3,
        5
      ]
    ],
    "cost": 0.17916360968451944
  },
  "10": {
    "nodes": [
      1,
      2,
      3,
      4
    ],
    "edges": [
      [
        1,
        4
      ],
      [
        2,
        4
      ],
      [
        3,
        4
      ]
    ],
    "cost": 0.16020408163265307
  }
}