{
  "1": {
    "nodes": [
      1,
      2,
      3,
      4,
      6,
      8
    ],
    "edges": [
      [
        1,
        6
      ],
      [
        2,
        6
      ],
      [
        3,
        8
      ],
      [
        4,
        6
      ],
      [
        6,
        8
      ]
    ],
    "cost": 0.11612147251244995
  },
  "2": {
    "nodes": [
      1,
      2,
      3,
      4,
      5,
      6,
      7
    ],
    "edges": [
      [
        1,
        6
      ],
      [
        2,
        7
      ],
      [
        3,
        7
      ],
      [
        4,
        7
      ],
      [
        5,
        6
      ],
      [
        5,
        7
      ]
    ],
    "cost": 0.14701164922161414
  },
  "3": {
    "nodes": [
      1,
      2,
      3,
      4,
      5,
      8,
      6,
      7
    ],
    "edges": [
      [
        1,
        6
      ],
      [
        2,
        6
      ],
      [
        3,
        7
      ],
      [
        4,
        8
      ],
      [
        5,
        7
      ],
      [
        8,
        6
      ],
      [
        8,
        7
      ]
    ],
    "cost": 0.1140729959695477
  },
  "4": {
    "nodes": [
      1,
      2,
      3,
      4,
      5,
      6,
      7
    ],
    "edges": [
      [
        1,
        7
      ],
      [
        2,
        7
      ],
      [
        3,
        7
      ],
      [
        4,
        6
      ],
      [
        5,
        6
      ],
      [
        5,
        7
      ]
    ],
    "cost": 0.13557489451476792
  },
  "5": {
    "nodes": [
      1,
      2,
      3,
      4,
      5,
      8,
      9
    ],
    "edges": [
      [
        1,
        9
      ],
      [
        2,
        9
      ],
      [
        3,
        8
      ],
      [
        4,
        8
      ],
      [
        5,
        8
      ],
      [
        8,
        9
      ]
    ],
    "cost": 0.11328247773703509
  },
  "6": {
    "nodes": [
      1,
      2,
      3,
      4,
      5,
      9,
      6,
      7
    ],
    "edges": [
      [
        1,
        6
      ],
      [
        2,
        7
      ],
      [
        3,
        9
      ],
      [
        4,
        6
      ],
      [
        5,
        6
      ],
      [
        9,
        6
      ],
      [
        6,
        7
      ]
    ],
    "cost": 0.11591269841269841
  },
  "7": {
    "nodes": [
      1,
      2,
      3,
      4,
      5,
      8,
      9
    ],
    "edges": [
      [
        1,
        9
      ],
      [
        2,
        9
      ],
      [
        3,
        8
      ],
      [
        4,
        9
      ],
      [
        5,
        9
      ],
      [
        8,
        9
      ]
    ],
    "cost": 0.10685301288749566
  },
  "8": {
    "nodes": [
      1,
      2,
      3,
      4,
      5,
      6
    ],
    "edges": [
      [
        1,
        6
      ],
      [
        2,
        6
      ],
      [
        3,
        6
      ],
      [
        4,
        6
      ],
      [
        5,
        6
      ]
    ],
    "cost": 0.1337250712250712
  },
  "9": {
    "nodes": [
      1,
      2,
      3,
      4,
      5,
      8,
      7
    ],
    "edges": [
      [
        1,
        7
      ],
      [
        2,
        7
      ],
      [
        3,
        8
      ],
      [
        4,
        8
      ],
      [
        5,
        8
      ],
      [
        5,
        7
      ]
    ],
    "cost": 0.1430767091640284
  },
  "10": {
    "nodes": [
      1,
      2,
      3,
      4,
      5,
      8,
      6
    ],
    "edges": [
      [
        1,
        8
      ],
      [
        2,
        6
      ],
      [
        3,
        6
      ],
      [
        4,
        6
      ],
      [
        5,
        6
      ],
      [
        8,
        6
      ]
    ],
    "cost": 0.10341435185185185
  }
}