{
  "1": {
    "nodes": [
      1,
      2,
      3,
      4
    ],
    "edges": [
      [
        1,
        4
      ],
      [
        2,
        4
      ],
      [
        3,
        4
      ]
    ],
    "cost": 0.21478174603174602
  },
  "2": {
    "nodes": [
      1,
      2,
      3,
      4
    ],
    "edges": [
      [
        1,
        4
      ],
      [
        2,
        4
      ],
      [
        3,
        4
      ]
    ],
    "cost": 0.271875
  },
  "3": {
    "nodes": [
      1,
      2,
      3,
      5
    ],
    "edges": [
      [
        1,
        5
      ],
      [
        2,
        5
      ],
      [
        3,
        5
      ]
    ],
    "cost": 0.21048632218844984
  },
  "4": {
    "nodes": [
      1,
      2,
      3,
      4,
      5
    ],
    "edges": [
      [
        1,
        4
      ],
      [
        2,
        5
      ],
      [
        3,
        4
      ],
      [
        4,
        5
      ]
    ],
    "cost": 0.1746309246309246
  },
  "5": {
    "nodes": [
      1,
      2,
      3,
      5
    ],
    "edges": [
      [
        1,
        5
      ],
      [
        2,
        5
      ],
      [
        3,
        5
      ]
    ],
    "cost": 0.21321138211382112
  },
  "6": {
    "nodes": [
      1,
      2,
      3,
      5
    ],
    "edges": [
      [
        1,
        5
      ],
      [
        2,
        5
      ],
      [
        3,
        5
      ]
    ],
    "cost": 0.2285714285714286
  },
  "7": {
    "nodes": [
      1,
      2,
      3,
      4
    ],
    "edges": [
      [
        1,
        4
      ],
      [
        2,
        4
      ],
      [
        3,
        4
      ]
    ],
    "cost": 0.23014705882352943
  },
  "8": {
    "nodes": [
      1,
      2,
      3,
      5
    ],
    "edges": [
      [
        1,
        5
      ],
      [
        2,
        5
      ],
      [
        3,
        5
      ]
    ],
    "cost": 0.1964285714285714
  },
  "9": {
    "nodes": [
      1,
      2,
      3,
      4
    ],
    "edges": [
      [
        1,
        4
      ],
      [
        2,
        4
      ],
      [
        3,
        4
      ]
    ],
    "cost": 0.19774806474313866
  },
  "10": {
    "nodes": [
      1,
      2,
      3,
      5
    ],
    "edges": [
      [
        1,
        5
      ],
      [
        2,
        5
      ],
      [
        3,
        5
      ]
    ],
    "cost": 0.22196843853820597
  }
}