{
  "1": {
    "nodes": [
      1,
      2,
      3,
      4,
      6,
      7
    ],
    "edges": [
      [
        1,
        6
      ],
      [
        2,
        7
      ],
      [
        3,
        6
      ],
      [
        4,
        7
      ],
      [
        6,
        7
      ]
    ],
    "cost": 0.13695697577276525
  },
  "2": {
    "nodes": [
      1,
      2,
      3,
      4,
      6,
      7
    ],
    "edges": [
      [
        1,
        6
      ],
      [
        2,
        6
      ],
      [
        3,
        7
      ],
      [
        4,
        7
      ],
      [
        6,
        7
      ]
    ],
    "cost": 0.16572047140604007
  },
  "3": {
    "nodes": [
      1,
      2,
      3,
      4,
      6
    ],
    "edges": [
      [
        1,
        6
      ],
      [
        2,
        6
      ],
      [
        3,
        6
      ],
      [
        4,
        6
      ]
    ],
    "cost": 0.1663023679417122
  },
  "4": {
    "nodes": [
      1,
      2,
      3,
      4,
      6,
      7
    ],
    "edges": [
      [
        1,
        6
      ],
      [
        2,
        6
      ],
      [
        3,
        6
      ],
      [
        4,
        7
      ],
      [
        6,
        7
      ]
    ],
    "cost": 0.1452347035680369
  },
  "5": {
    "nodes": [
      1,
      2,
      3,
      4,
      6
    ],
    "edges": [
      [
        1,
        6
      ],
      [
        2,
        6
      ],
      [
        3,
        6
      ],
      [
        4,
        6
      ]
    ],
    "cost": 0.1698994252873563
  },
  "6": {
    "nodes": [
      1,
      2,
      3,
      4,
      5
    ],
    "edges": [
      [
        1,
        5
      ],
      [
        2,
        5
      ],
      [
        3,
        5
      ],
      [
        4,
        5
      ]
    ],
    "cost": 0.14282708032708033
  },
  "7": {
    "nodes": [
      1,
      2,
      3,
      4,
      7
    ],
    "edges": [
      [
        1,
        7
      ],
      [
        2,
        7
      ],
      [
        3,
        7
      ],
      [
        4,
        7
      ]
    ],
    "cost": 0.15887371313727902
  },
  "8": {
    "nodes": [
      1,
      2,
      3,
      4,
      5
    ],
    "edges": [
      [
        1,
        5
      ],
      [
        2,
        5
      ],
      [
        3,
        5
      ],
      [
        4,
        5
      ]
    ],
    "cost": 0.17332050665383997
  },
  "9": {
    "nodes": [
      1,
      2,
      3,
      4,
      6
    ],
    "edges": [
      [
        1,
        6
      ],
      [
        2,
        6
      ],
      [
        3,
        6
      ],
      [
        4,
        6
      ]
    ],
    "cost": 0.1782129768449109
  },
  "10": {
    "nodes": [
      1,
      2,
      3,
      4,
      6,
      7
    ],
    "edges": [
      [
        1,
        7
      ],
      [
        2,
        6
      ],
      [
        3,
        7
      ],
      [
        4,
        6
      ],
      [
        6,
        7
      ]
    ],
    "cost": 0.13467261904761904
  }
}