{
  "configuration": {
    "discretionary_ratio": 0.5,
    "algorithm": "exhaustive",
    "has_quality": false,
    "capacity_config": {
      "name": "high_contrast",
      "type": "scaled",
      "mandatory": {
        "min_mult": 0.8,
        "max_mult": 1.2
      },
      "discretionary": {
        "min_mult": 6.0,
        "max_mult": 10.0
      }
    },
    "weight_strategy": "strong_favor"
  },
  "max_seed": 1,
  "data": {
    "5": [
      {
        "seed": 1,
        "success": true,
        "cost": 0.21478174603174602
      }
    ],
    "6": [
      {
        "seed": 1,
        "success": true,
        "cost": 0.14656990068754777
      }
    ],
    "7": [
      {
        "seed": 1,
        "success": true,
        "cost": 0.13695697577276525
      }
    ],
    "8": [
      {
        "seed": 1,
        "success": true,
        "cost": 0.11612147251244995
      }
    ],
    "9": [
      {
        "seed": 1,
        "success": true,
        "cost": 0.10897132486874533
      }
    ]
  },
  "nodes_status": {
    "5": {
      "complete_up_to_seed": 1,
      "status": "complete"
    },
    "6": {
      "complete_up_to_seed": 1,
      "status": "complete"
    },
    "7": {
      "complete_up_to_seed": 1,
      "status": "complete"
    },
    "8": {
      "complete_up_to_seed": 1,
      "status": "complete"
    },
    "9": {
      "complete_up_to_seed": 1,
      "status": "complete"
    }
  },
  "statistics": {
    "5": {
      "n": 1,
      "n_total": 1,
      "success_rate": 1.0,
      "cost_mean": 0.21478174603174602,
      "cost_std": 0.0,
      "cost_median": 0.21478174603174602,
      "cost_min": 0.21478174603174602,
      "cost_max": 0.21478174603174602,
      "cost_cv": 0.0,
      "time_mean": 0.007882356643676758,
      "time_std": 0.0,
      "time_median": 0.007882356643676758,
      "time_min": 0.007882356643676758,
      "time_max": 0.007882356643676758,
      "discretionary_used_mean": 1.0
    },
    "6": {
      "n": 1,
      "n_total": 1,
      "success_rate": 1.0,
      "cost_mean": 0.14656990068754777,
      "cost_std": 0.0,
      "cost_median": 0.14656990068754777,
      "cost_min": 0.14656990068754777,
      "cost_max": 0.14656990068754777,
      "cost_cv": 0.0,
      "time_mean": 0.05381441116333008,
      "time_std": 0.0,
      "time_median": 0.05381441116333008,
      "time_min": 0.05381441116333008,
      "time_max": 0.05381441116333008,
      "discretionary_used_mean": 2.0
    },
    "7": {
      "n": 1,
      "n_total": 1,
      "success_rate": 1.0,
      "cost_mean": 0.13695697577276525,
      "cost_std": 0.0,
      "cost_median": 0.13695697577276525,
      "cost_min": 0.13695697577276525,
      "cost_max": 0.13695697577276525,
      "cost_cv": 0.0,
      "time_mean": 0.39917945861816406,
      "time_std": 0.0,
      "time_median": 0.39917945861816406,
      "time_min": 0.39917945861816406,
      "time_max": 0.39917945861816406,
      "discretionary_used_mean": 2.0
    },
    "8": {
      "n": 1,
      "n_total": 1,
      "success_rate": 1.0,
      "cost_mean": 0.11612147251244995,
      "cost_std": 0.0,
      "cost_median": 0.11612147251244995,
      "cost_min": 0.11612147251244995,
      "cost_max": 0.11612147251244995,
      "cost_cv": 0.0,
      "time_mean": 5.354793071746826,
      "time_std": 0.0,
      "time_median": 5.354793071746826,
      "time_min": 5.354793071746826,
      "time_max": 5.354793071746826,
      "discretionary_used_mean": 2.0
    },
    "9": {
      "n": 1,
      "n_total": 1,
      "success_rate": 1.0,
      "cost_mean": 0.10897132486874533,
      "cost_std": 0.0,
      "cost_median": 0.10897132486874533,
      "cost_min": 0.10897132486874533,
      "cost_max": 0.10897132486874533,
      "cost_cv": 0.0,
      "time_mean": 156.85012531280518,
      "time_std": 0.0,
      "time_median": 156.85012531280518,
      "time_min": 156.85012531280518,
      "time_max": 156.85012531280518,
      "discretionary_used_mean": 2.0
    }
  },
  "timestamp_started": "2026-02-12 10:03:14",
  "total_execution_time": 162.67046999931335,
  "timestamp_updated": "2026-02-12 10:05:57"
}